<?xml version="1.0" encoding="UTF-8" ?>
<!DOCTYPE mapper 
PUBLIC "-//mybatis.org//DTD Mapper 3.0//EN"   
"http://mybatis.org/dtd/mybatis-3-mapper.dtd">
<mapper namespace="ssafy.notices"> 

	
    <select id="getNoticeList"
	resultType="com.ssafy.edu.vue.dto.Notices">
			SELECT SEQ,WRITER,TITLE,DATE_FORMAT(WDATE, '%Y-%m-%d') WDATE 
			FROM ANJI_NOTICES ORDER BY SEQ 
	</select>
	
	<select id="getNotice"
	parameterType="java.lang.Integer"
	resultType="com.ssafy.edu.vue.dto.Notices">
			SELECT SEQ,WRITER,TITLE,DATE_FORMAT(WDATE, '%Y-%m-%d') WDATE , WCONTENTS
			FROM ANJI_NOTICES
			WHERE SEQ=#{seq}
	</select>
	<delete id="noticedelete"
	parameterType="com.ssafy.edu.vue.dto.Notices">
			DELETE FROM ANJI_NOTICES  WHERE SEQ=#{seq}
	</delete>

	<update id="updatenotice"
	parameterType="com.ssafy.edu.vue.dto.Notices">
				UPDATE ANJI_NOTICES SET 
				WRITER=#{writer},TITLE=#{title},
				WDATE=#{wdate},WCONTENTS=#{wcontents}
				WHERE SEQ=#{seq}
	</update>
	
	<insert id="savenotice"
	parameterType="com.ssafy.edu.vue.dto.Notices">
	INSERT INTO ANJI_NOTICES(WRITER,title,WDATE,WCONTENTS)
	VALUES(#{writer},#{title},#{wdate},#{wcontents})
	</insert>
	
 </mapper>
